Workbook

Sheet Brief
A1: DOOH Media Plan - Campaign Brief
A2: Blue = input you can change. Black = formula. All data simulated for practice.
A4: Brand | B4: Brightside Grocers (fictional)
A5: Objective | B5: Drive store visits for spring produce launch
A6: Target audience | B6: Adults 25-54, primary grocery shoppers
A7: Flight start | B7: 2026-03-02
A8: Flight end | B8: 2026-03-29
A9: Flight days | B9: 28
A10: Total budget ($) | B10: 75000
A12: Metro budget split
A13: New York | B13: 0.45 | C13: =B13*Brief!$B$10 -> 33750
A14: Los Angeles | B14: 0.35 | C14: =B14*Brief!$B$10 -> 26250
A15: Chicago | B15: 0.2 | C15: =B15*Brief!$B$10 -> 15000
A16: Check (must be 100%) | B16: =SUM(B13:B15) -> 1
A18: Daypart weights (what matters for this brand)
A19: Morning | B19: 0.15
A20: Midday | B20: 0.2
A21: Evening | B21: 0.3
A22: Weekend | B22: 0.35 | C22: Grocery trips skew to evenings and weekends, so those dayparts carry more weight.
A24: Planning assumptions
A25: Sellable share of venue impressions | B25: 0.4
A26: Target share at index 100 | B26: 0.38
A27: Max share of metro budget per venue | B27: 0.15
A28: Reporting as-of (flight day) | B28: 14

Sheet Inventory
A1: Venue ID | B1: Metro | C1: Publisher | D1: Venue Type | E1: Screens | F1: Weekly Impressions | G1: CPM Floor ($) | H1: Audience Index | I1: Morning % | J1: Midday % | K1: Evening % | L1: Weekend % | M1: Daypart Fit | N1: Metro Avg CPM ($) | O1: Venue Score | P1: Rank in Metro
A2: NYC-001 | B2: New York | C2: MetroScreens | D2: Transit | E2: 31 | F2: 394000 | G2: 12.7 | H2: 105 | I2: 0.33 | J2: 0.18 | K2: 0.39 | L2: 0.1 | M2: =(I2*Brief!$B$19+J2*Brief!$B$20+K2*Brief!$B$21+L2*Brief!$B$22)/0.25 -> 0.95 | N2: =AVERAGEIF($B$2:$B$132,B2,$G$2:$G$132) -> 12.886341 | O2: =(H2/100)*M2/(G2/N2) -> 1.0121359 | P2: =COUNTIFS($B$2:$B$132,B2,$O$2:$O$132,">"&O2)+1 -> 33
A3: NYC-002 | B3: New York | C3: MetroScreens | D3: Transit | E3: 32 | F3: 311000 | G3: 12.98 | H3: 103 | I3: 0.34 | J3: 0.12 | K3: 0.37 | L3: 0.17 | M3: =(I3*Brief!$B$19+J3*Brief!$B$20+K3*Brief!$B$21+L3*Brief!$B$22)/0.25 -> 0.982 | N3: =AVERAGEIF($B$2:$B$132,B3,$G$2:$G$132) -> 12.886341 | O3: =(H3/100)*M3/(G3/N3) -> 1.0041617 | P3: =COUNTIFS($B$2:$B$132,B3,$O$2:$O$132,">"&O3)+1 -> 34
A4: NYC-003 | B4: New York | C4: MetroScreens | D4: Transit | E4: 19 | F4: 308000 | G4: 12.69 | H4: 105 | I4: 0.33 | J4: 0.16 | K4: 0.33 | L4: 0.18 | M4: =(I4*Brief!$B$19+J4*Brief!$B$20+K4*Brief!$B$21+L4*Brief!$B$22)/0.25 -> 0.974 | N4: =AVERAGEIF($B$2:$B$132,B4,$G$2:$G$132) -> 12.886341 | O4: =(H4/100)*M4/(G4/N4) -> 1.0385234 | P4: =COUNTIFS($B$2:$B$132,B4,$O$2:$O$132,">"&O4)+1 -> 30
A5: NYC-004 | B5: New York | C5: MetroScreens | D5: Transit | E5: 16 | F5: 267000 | G5: 9.4 | H5: 103 | I5: 0.38 | J5: 0.14 | K5: 0.33 | L5: 0.14 | M5: =(I5*Brief!$B$19+J5*Brief!$B$20+K5*Brief!$B$21+L5*Brief!$B$22)/0.25 -> 0.932 | N5: =AVERAGEIF($B$2:$B$132,B5,$G$2:$G$132) -> 12.886341 | O5: =(H5/100)*M5/(G5/N5) -> 1.3159971 | P5: =COUNTIFS($B$2:$B$132,B5,$O$2:$O$132,">"&O5)+1 -> 18
A6: NYC-005 | B6: New York | C6: MetroScreens | D6: Transit | E6: 9 | F6: 243000 | G6: 11.36 | H6: 106 | I6: 0.35 | J6: 0.2 | K6: 0.32 | L6: 0.13 | M6: =(I6*Brief!$B$19+J6*Brief!$B$20+K6*Brief!$B$21+L6*Brief!$B$22)/0.25 -> 0.936 | N6: =AVERAGEIF($B$2:$B$132,B6,$G$2:$G$132) -> 12.886341 | O6: =(H6/100)*M6/(G6/N6) -> 1.1254677 | P6: =COUNTIFS($B$2:$B$132,B6,$O$2:$O$132,">"&O6)+1 -> 27
A7: NYC-006 | B7: New York | C7: MetroScreens | D7: Transit | E7: 10 | F7: 259000 | G7: 13.03 | H7: 104 | I7: 0.36 | J7: 0.13 | K7: 0.34 | L7: 0.18 | M7: =(I7*Brief!$B$19+J7*Brief!$B$20+K7*Brief!$B$21+L7*Brief!$B$22)/0.25 -> 0.98 | N7: =AVERAGEIF($B$2:$B$132,B7,$G$2:$G$132) -> 12.886341 | O7: =(H7/100)*M7/(G7/N7) -> 1.0079631 | P7: =COUNTIFS($B$2:$B$132,B7,$O$2:$O$132,">"&O7)+1 -> 34
A8: NYC-007 | B8: New York | C8: FitView Network | D8: Gym | E8: 36 | F8: 47000 | G8: 10.99 | H8: 110 | I8: 0.31 | J8: 0.18 | K8: 0.35 | L8: 0.15 | M8: =(I8*Brief!$B$19+J8*Brief!$B$20+K8*Brief!$B$21+L8*Brief!$B$22)/0.25 -> 0.96 | N8: =AVERAGEIF($B$2:$B$132,B8,$G$2:$G$132) -> 12.886341 | O8: =(H8/100)*M8/(G8/N8) -> 1.2382144 | P8: =COUNTIFS($B$2:$B$132,B8,$O$2:$O$132,">"&O8)+1 -> 20
A9: NYC-008 | B9: New York | C9: FitView Network | D9: Gym | E9: 20 | F9: 51000 | G9: 12.46 | H9: 119 | I9: 0.31 | J9: 0.19 | K9: 0.34 | L9: 0.16 | M9: =(I9*Brief!$B$19+J9*Brief!$B$20+K9*Brief!$B$21+L9*Brief!$B$22)/0.25 -> 0.97 | N9: =AVERAGEIF($B$2:$B$132,B9,$G$2:$G$132) -> 12.886341 | O9: =(H9/100)*M9/(G9/N9) -> 1.1937965 | P9: =COUNTIFS($B$2:$B$132,B9,$O$2:$O$132,">"&O9)+1 -> 24
A10: NYC-009 | B10: New York | C10: FitView Network | D10: Gym | E10: 27 | F10: 43000 | G10: 13.87 | H10: 114 | I10: 0.28 | J10: 0.19 | K10: 0.4 | L10: 0.13 | M10: =(I10*Brief!$B$19+J10*Brief!$B$20+K10*Brief!$B$21+L10*Brief!$B$22)/0.25 -> 0.982 | N10: =AVERAGEIF($B$2:$B$132,B10,$G$2:$G$132) -> 12.886341 | O10: =(H10/100)*M10/(G10/N10) -> 1.0400866 | P10: =COUNTIFS($B$2:$B$132,B10,$O$2:$O$132,">"&O10)+1 -> 30
A11: NYC-010 | B11: New York | C11: FitView Network | D11: Gym | E11: 25 | F11: 37000 | G11: 11.34 | H11: 105 | I11: 0.29 | J11: 0.2 | K11: 0.35 | L11: 0.16 | M11: =(I11*Brief!$B$19+J11*Brief!$B$20+K11*Brief!$B$21+L11*Brief!$B$22)/0.25 -> 0.978 | N11: =AVERAGEIF($B$2:$B$132,B11,$G$2:$G$132) -> 12.886341 | O11: =(H11/100)*M11/(G11/N11) -> 1.1669298 | P11: =COUNTIFS($B$2:$B$132,B11,$O$2:$O$132,">"&O11)+1 -> 25
A12: NYC-011 | B12: New York | C12: FitView Network | D12: Gym | E12: 34 | F12: 32000 | G12: 13.39 | H12: 110 | I12: 0.33 | J12: 0.18 | K12: 0.35 | L12: 0.14 | M12: =(I12*Brief!$B$19+J12*Brief!$B$20+K12*Brief!$B$21+L12*Brief!$B$22)/0.25 -> 0.958 | N12: =AVERAGEIF($B$2:$B$132,B12,$G$2:$G$132) -> 12.886341 | O12: =(H12/100)*M12/(G12/N12) -> 1.0141618 | P12: =COUNTIFS($B$2:$B$132,B12,$O$2:$O$132,">"&O12)+1 -> 31
A13: NYC-012 | B13: New York | C13: FitView Network | D13: Gym | E13: 19 | F13: 27000 | G13: 10.45 | H13: 121 | I13: 0.29 | J13: 0.2 | K13: 0.37 | L13: 0.14 | M13: =(I13*Brief!$B$19+J13*Brief!$B$20+K13*Brief!$B$21+L13*Brief!$B$22)/0.25 -> 0.974 | N13: =AVERAGEIF($B$2:$B$132,B13,$G$2:$G$132) -> 12.886341 | O13: =(H13/100)*M13/(G13/N13) -> 1.453308 | P13: =COUNTIFS($B$2:$B$132,B13,$O$2:$O$132,">"&O13)+1 -> 10
... A132: CHI-042 | B132: Chicago | C132: MallVision | D132: Mall | E132: 27 | F132: 134000 | G132: 9.48 | H132: 123 | I132: 0.07 | J132: 0.33 | K132: 0.24 | L132: 0.36 | M132: =(I132*Brief!$B$19+J132*Brief!$B$20+K132*Brief!$B$21+L132*Brief!$B$22)/0.25 -> 1.098 | N132: =AVERAGEIF($B$2:$B$132,B132,$G$2:$G$132) -> 10.592381 | O132: =(H132/100)*M132/(G132/N132) -> 1.509012 | P132: =COUNTIFS($B$2:$B$132,B132,$O$2:$O$132,">"&O132)+1 -> 8
A134: Venue Score = (Audience Index / 100) x Daypart Fit / (CPM / Metro Avg CPM).
A135: Higher score = more of the right audience, at the right time, per dollar. Daypart Fit of 1.00 = average.
A136: Source: simulated inventory for practice (fictional publishers).

Sheet Media Plan
A1: Venue ID | B1: Metro | C1: Publisher | D1: Venue Type | E1: Planned Spend ($) | F1: CPM ($) | G1: Planned Impressions | H1: Audience Index | I1: Est. Target Impressions | J1: Share of Metro Budget
A2: NYC-030 | B2: =INDEX(Inventory!$B$2:$B$132,MATCH(A2,Inventory!$A$2:$A$132,0)) -> New York | C2: =INDEX(Inventory!$C$2:$C$132,MATCH(A2,Inventory!$A$2:$A$132,0)) -> PumpPlay TV | D2: =INDEX(Inventory!$D$2:$D$132,MATCH(A2,Inventory!$A$2:$A$132,0)) -> Gas | E2: 1500 | F2: =INDEX(Inventory!$G$2:$G$132,MATCH(A2,Inventory!$A$2:$A$132,0)) -> 8.74 | G2: =IFERROR(E2/F2*1000,0) -> 171624.71 | H2: =INDEX(Inventory!$H$2:$H$132,MATCH(A2,Inventory!$A$2:$A$132,0)) -> 117 | I2: =G2*Brief!$B$26*H2/100 -> 76304.348 | J2: =IFERROR(E2/SUMIF($B$2:$B$50,B2,$E$2:$E$50),0) -> 0.044510386
A3: NYC-039 | B3: =INDEX(Inventory!$B$2:$B$132,MATCH(A3,Inventory!$A$2:$A$132,0)) -> New York | C3: =INDEX(Inventory!$C$2:$C$132,MATCH(A3,Inventory!$A$2:$A$132,0)) -> MallVision | D3: =INDEX(Inventory!$D$2:$D$132,MATCH(A3,Inventory!$A$2:$A$132,0)) -> Mall | E3: 1500 | F3: =INDEX(Inventory!$G$2:$G$132,MATCH(A3,Inventory!$A$2:$A$132,0)) -> 11.18 | G3: =IFERROR(E3/F3*1000,0) -> 134168.16 | H3: =INDEX(Inventory!$H$2:$H$132,MATCH(A3,Inventory!$A$2:$A$132,0)) -> 132 | I3: =G3*Brief!$B$26*H3/100 -> 67298.748 | J3: =IFERROR(E3/SUMIF($B$2:$B$50,B3,$E$2:$E$50),0) -> 0.044510386
A4: NYC-016 | B4: =INDEX(Inventory!$B$2:$B$132,MATCH(A4,Inventory!$A$2:$A$132,0)) -> New York | C4: =INDEX(Inventory!$C$2:$C$132,MATCH(A4,Inventory!$A$2:$A$132,0)) -> AisleCast Media | D4: =INDEX(Inventory!$D$2:$D$132,MATCH(A4,Inventory!$A$2:$A$132,0)) -> Grocery | E4: 1100 | F4: =INDEX(Inventory!$G$2:$G$132,MATCH(A4,Inventory!$A$2:$A$132,0)) -> 13.26 | G4: =IFERROR(E4/F4*1000,0) -> 82956.259 | H4: =INDEX(Inventory!$H$2:$H$132,MATCH(A4,Inventory!$A$2:$A$132,0)) -> 154 | I4: =G4*Brief!$B$26*H4/100 -> 48546.003 | J4: =IFERROR(E4/SUMIF($B$2:$B$50,B4,$E$2:$E$50),0) -> 0.03264095
A5: NYC-034 | B5: =INDEX(Inventory!$B$2:$B$132,MATCH(A5,Inventory!$A$2:$A$132,0)) -> New York | C5: =INDEX(Inventory!$C$2:$C$132,MATCH(A5,Inventory!$A$2:$A$132,0)) -> PumpPlay TV | D5: =INDEX(Inventory!$D$2:$D$132,MATCH(A5,Inventory!$A$2:$A$132,0)) -> Gas | E5: 1800 | F5: =INDEX(Inventory!$G$2:$G$132,MATCH(A5,Inventory!$A$2:$A$132,0)) -> 8.85 | G5: =IFERROR(E5/F5*1000,0) -> 203389.83 | H5: =INDEX(Inventory!$H$2:$H$132,MATCH(A5,Inventory!$A$2:$A$132,0)) -> 110 | I5: =G5*Brief!$B$26*H5/100 -> 85016.949 | J5: =IFERROR(E5/SUMIF($B$2:$B$50,B5,$E$2:$E$50),0) -> 0.053412463
A6: NYC-036 | B6: =INDEX(Inventory!$B$2:$B$132,MATCH(A6,Inventory!$A$2:$A$132,0)) -> New York | C6: =INDEX(Inventory!$C$2:$C$132,MATCH(A6,Inventory!$A$2:$A$132,0)) -> MallVision | D6: =INDEX(Inventory!$D$2:$D$132,MATCH(A6,Inventory!$A$2:$A$132,0)) -> Mall | E6: 2600 | F6: =INDEX(Inventory!$G$2:$G$132,MATCH(A6,Inventory!$A$2:$A$132,0)) -> 11.02 | G6: =IFERROR(E6/F6*1000,0) -> 235934.66 | H6: =INDEX(Inventory!$H$2:$H$132,MATCH(A6,Inventory!$A$2:$A$132,0)) -> 116 | I6: =G6*Brief!$B$26*H6/100 -> 104000 | J6: =IFERROR(E6/SUMIF($B$2:$B$50,B6,$E$2:$E$50),0) -> 0.077151335
A7: NYC-029 | B7: =INDEX(Inventory!$B$2:$B$132,MATCH(A7,Inventory!$A$2:$A$132,0)) -> New York | C7: =INDEX(Inventory!$C$2:$C$132,MATCH(A7,Inventory!$A$2:$A$132,0)) -> PumpPlay TV | D7: =INDEX(Inventory!$D$2:$D$132,MATCH(A7,Inventory!$A$2:$A$132,0)) -> Gas | E7: 700 | F7: =INDEX(Inventory!$G$2:$G$132,MATCH(A7,Inventory!$A$2:$A$132,0)) -> 8.84 | G7: =IFERROR(E7/F7*1000,0) -> 79185.52 | H7: =INDEX(Inventory!$H$2:$H$132,MATCH(A7,Inventory!$A$2:$A$132,0)) -> 109 | I7: =G7*Brief!$B$26*H7/100 -> 32798.643 | J7: =IFERROR(E7/SUMIF($B$2:$B$50,B7,$E$2:$E$50),0) -> 0.020771513
A8: NYC-018 | B8: =INDEX(Inventory!$B$2:$B$132,MATCH(A8,Inventory!$A$2:$A$132,0)) -> New York | C8: =INDEX(Inventory!$C$2:$C$132,MATCH(A8,Inventory!$A$2:$A$132,0)) -> AisleCast Media | D8: =INDEX(Inventory!$D$2:$D$132,MATCH(A8,Inventory!$A$2:$A$132,0)) -> Grocery | E8: 1700 | F8: =INDEX(Inventory!$G$2:$G$132,MATCH(A8,Inventory!$A$2:$A$132,0)) -> 13.4 | G8: =IFERROR(E8/F8*1000,0) -> 126865.67 | H8: =INDEX(Inventory!$H$2:$H$132,MATCH(A8,Inventory!$A$2:$A$132,0)) -> 149 | I8: =G8*Brief!$B$26*H8/100 -> 71831.343 | J8: =IFERROR(E8/SUMIF($B$2:$B$50,B8,$E$2:$E$50),0) -> 0.050445104
A9: NYC-035 | B9: =INDEX(Inventory!$B$2:$B$132,MATCH(A9,Inventory!$A$2:$A$132,0)) -> New York | C9: =INDEX(Inventory!$C$2:$C$132,MATCH(A9,Inventory!$A$2:$A$132,0)) -> PumpPlay TV | D9: =INDEX(Inventory!$D$2:$D$132,MATCH(A9,Inventory!$A$2:$A$132,0)) -> Gas | E9: 2100 | F9: =INDEX(Inventory!$G$2:$G$132,MATCH(A9,Inventory!$A$2:$A$132,0)) -> 9.62 | G9: =IFERROR(E9/F9*1000,0) -> 218295.22 | H9: =INDEX(Inventory!$H$2:$H$132,MATCH(A9,Inventory!$A$2:$A$132,0)) -> 112 | I9: =G9*Brief!$B$26*H9/100 -> 92906.445 | J9: =IFERROR(E9/SUMIF($B$2:$B$50,B9,$E$2:$E$50),0) -> 0.06231454
A10: NYC-037 | B10: =INDEX(Inventory!$B$2:$B$132,MATCH(A10,Inventory!$A$2:$A$132,0)) -> New York | C10: =INDEX(Inventory!$C$2:$C$132,MATCH(A10,Inventory!$A$2:$A$132,0)) -> MallVision | D10: =INDEX(Inventory!$D$2:$D$132,MATCH(A10,Inventory!$A$2:$A$132,0)) -> Mall | E10: 2000 | F10: =INDEX(Inventory!$G$2:$G$132,MATCH(A10,Inventory!$A$2:$A$132,0)) -> 11.06 | G10: =IFERROR(E10/F10*1000,0) -> 180831.83 | H10: =INDEX(Inventory!$H$2:$H$132,MATCH(A10,Inventory!$A$2:$A$132,0)) -> 118 | I10: =G10*Brief!$B$26*H10/100 -> 81084.991 | J10: =IFERROR(E10/SUMIF($B$2:$B$50,B10,$E$2:$E$50),0) -> 0.059347181
A11: NYC-012 | B11: =INDEX(Inventory!$B$2:$B$132,MATCH(A11,Inventory!$A$2:$A$132,0)) -> New York | C11: =INDEX(Inventory!$C$2:$C$132,MATCH(A11,Inventory!$A$2:$A$132,0)) -> FitView Network | D11: =INDEX(Inventory!$D$2:$D$132,MATCH(A11,Inventory!$A$2:$A$132,0)) -> Gym | E11: 400 | F11: =INDEX(Inventory!$G$2:$G$132,MATCH(A11,Inventory!$A$2:$A$132,0)) -> 10.45 | G11: =IFERROR(E11/F11*1000,0) -> 38277.512 | H11: =INDEX(Inventory!$H$2:$H$132,MATCH(A11,Inventory!$A$2:$A$132,0)) -> 121 | I11: =G11*Brief!$B$26*H11/100 -> 17600 | J11: =IFERROR(E11/SUMIF($B$2:$B$50,B11,$E$2:$E$50),0) -> 0.011869436
A12: NYC-031 | B12: =INDEX(Inventory!$B$2:$B$132,MATCH(A12,Inventory!$A$2:$A$132,0)) -> New York | C12: =INDEX(Inventory!$C$2:$C$132,MATCH(A12,Inventory!$A$2:$A$132,0)) -> PumpPlay TV | D12: =INDEX(Inventory!$D$2:$D$132,MATCH(A12,Inventory!$A$2:$A$132,0)) -> Gas | E12: 1200 | F12: =INDEX(Inventory!$G$2:$G$132,MATCH(A12,Inventory!$A$2:$A$132,0)) -> 9.74 | G12: =IFERROR(E12/F12*1000,0) -> 123203.29 | H12: =INDEX(Inventory!$H$2:$H$132,MATCH(A12,Inventory!$A$2:$A$132,0)) -> 112 | I12: =G12*Brief!$B$26*H12/100 -> 52435.318 | J12: =IFERROR(E12/SUMIF($B$2:$B$50,B12,$E$2:$E$50),0) -> 0.035608309
A13: NYC-020 | B13: =INDEX(Inventory!$B$2:$B$132,MATCH(A13,Inventory!$A$2:$A$132,0)) -> New York | C13: =INDEX(Inventory!$C$2:$C$132,MATCH(A13,Inventory!$A$2:$A$132,0)) -> AisleCast Media | D13: =INDEX(Inventory!$D$2:$D$132,MATCH(A13,Inventory!$A$2:$A$132,0)) -> Grocery | E13: 1000 | F13: =INDEX(Inventory!$G$2:$G$132,MATCH(A13,Inventory!$A$2:$A$132,0)) -> 14.3 | G13: =IFERROR(E13/F13*1000,0) -> 69930.07 | H13: =INDEX(Inventory!$H$2:$H$132,MATCH(A13,Inventory!$A$2:$A$132,0)) -> 150 | I13: =G13*Brief!$B$26*H13/100 -> 39860.14 | J13: =IFERROR(E13/SUMIF($B$2:$B$50,B13,$E$2:$E$50),0) -> 0.029673591
... A50: CHI-040 | B50: =INDEX(Inventory!$B$2:$B$132,MATCH(A50,Inventory!$A$2:$A$132,0)) -> Chicago | C50: =INDEX(Inventory!$C$2:$C$132,MATCH(A50,Inventory!$A$2:$A$132,0)) -> MallVision | D50: =INDEX(Inventory!$D$2:$D$132,MATCH(A50,Inventory!$A$2:$A$132,0)) -> Mall | E50: 1600 | F50: =INDEX(Inventory!$G$2:$G$132,MATCH(A50,Inventory!$A$2:$A$132,0)) -> 9.96 | G50: =IFERROR(E50/F50*1000,0) -> 160642.57 | H50: =INDEX(Inventory!$H$2:$H$132,MATCH(A50,Inventory!$A$2:$A$132,0)) -> 129 | I50: =G50*Brief!$B$26*H50/100 -> 78746.988 | J50: =IFERROR(E50/SUMIF($B$2:$B$50,B50,$E$2:$E$50),0) -> 0.10666667
A51: TOTAL | E51: =SUM(E2:E50) -> 74900 | F51: =IFERROR(E51/G51*1000,0) -> 10.542851 | G51: =SUM(G2:G50) -> 7104340.5 | I51: =SUM(I2:I50) -> 3406451.8
A53: By metro
A54: Metro | B54: Budget ($) | C54: Planned Spend ($) | D54: Difference ($) | E54: Planned Impressions | F54: Blended CPM ($) | G54: Venues
A55: New York | B55: =Brief!$C$13 -> 33750 | C55: =SUMIF($B$2:$B$50,A55,$E$2:$E$50) -> 33700 | D55: =B55-C55 -> 50 | E55: =SUMIF($B$2:$B$50,A55,$G$2:$G$50) -> 3058528.3 | F55: =IFERROR(C55/E55*1000,0) -> 11.018371 | G55: =COUNTIF($B$2:$B$50,A55) -> 21
A56: Los Angeles | B56: =Brief!$C$14 -> 26250 | C56: =SUMIF($B$2:$B$50,A56,$E$2:$E$50) -> 26200 | D56: =B56-C56 -> 50 | E56: =SUMIF($B$2:$B$50,A56,$G$2:$G$50) -> 2494642.1 | F56: =IFERROR(C56/E56*1000,0) -> 10.502509 | G56: =COUNTIF($B$2:$B$50,A56) -> 18
A57: Chicago | B57: =Brief!$C$15 -> 15000 | C57: =SUMIF($B$2:$B$50,A57,$E$2:$E$50) -> 15000 | D57: =B57-C57 -> 0 | E57: =SUMIF($B$2:$B$50,A57,$G$2:$G$50) -> 1551170.1 | F57: =IFERROR(C57/E57*1000,0) -> 9.6701192 | G57: =COUNTIF($B$2:$B$50,A57) -> 10
A59: Planned Spend is the input (blue). Venues were picked by Venue Score until each metro budget was used, capped by sellable impressions and the per-venue limit on the Brief.

Sheet Delivery Data
A1: Date | B1: Flight Day | C1: Venue ID | D1: Metro | E1: Publisher | F1: Delivered Impressions | G1: Delivered Spend ($)
A2: 2026-03-02 | B2: 1 | C2: NYC-030 | D2: New York | E2: PumpPlay TV | F2: 4333 | G2: 37.87
A3: 2026-03-03 | B3: 2 | C3: NYC-030 | D3: New York | E3: PumpPlay TV | F3: 4375 | G3: 38.24
A4: 2026-03-04 | B4: 3 | C4: NYC-030 | D4: New York | E4: PumpPlay TV | F4: 4443 | G4: 38.83
A5: 2026-03-05 | B5: 4 | C5: NYC-030 | D5: New York | E5: PumpPlay TV | F5: 4221 | G5: 36.89
A6: 2026-03-06 | B6: 5 | C6: NYC-030 | D6: New York | E6: PumpPlay TV | F6: 4425 | G6: 38.67
A7: 2026-03-07 | B7: 6 | C7: NYC-030 | D7: New York | E7: PumpPlay TV | F7: 4440 | G7: 38.81
A8: 2026-03-08 | B8: 7 | C8: NYC-030 | D8: New York | E8: PumpPlay TV | F8: 4909 | G8: 42.9
A9: 2026-03-09 | B9: 8 | C9: NYC-030 | D9: New York | E9: PumpPlay TV | F9: 3878 | G9: 33.89
A10: 2026-03-10 | B10: 9 | C10: NYC-030 | D10: New York | E10: PumpPlay TV | F10: 4120 | G10: 36.01
A11: 2026-03-11 | B11: 10 | C11: NYC-030 | D11: New York | E11: PumpPlay TV | F11: 3951 | G11: 34.53
A12: 2026-03-12 | B12: 11 | C12: NYC-030 | D12: New York | E12: PumpPlay TV | F12: 4050 | G12: 35.4
A13: 2026-03-13 | B13: 12 | C13: NYC-030 | D13: New York | E13: PumpPlay TV | F13: 4553 | G13: 39.79
... A687: 2026-03-15 | B687: 14 | C687: CHI-040 | D687: Chicago | E687: MallVision | F687: 6422 | G687: 63.96

Sheet Pacing
A1: Pacing & Delivery - by Publisher and Metro
A2: ="As of flight day "&Brief!$B$28&" of "&Brief!$B$9 -> As of flight day 14 of 28 | D2: % of flight elapsed | E2: =Brief!$B$28/Brief!$B$9 -> 0.5 | G2: Behind if pace < | H2: 0.9 | I2: Ahead if pace > | J2: 1.1
A4: Publisher | B4: Planned Impressions | C4: Expected to Date | D4: Delivered to Date (as-of) | E4: % of Plan Delivered | F4: Pace Index | G4: Projected Final Impressions | H4: Projected Shortfall | I4: Delivered Spend ($) | J4: Status
A5: MetroScreens | B5: =SUMIF('Media Plan'!$C$2:$C$50,A5,'Media Plan'!$G$2:$G$50) -> 482674.77 | C5: =B5*$E$2 -> 241337.39 | D5: =SUMIFS('Delivery Data'!$F$2:$F$687,'Delivery Data'!$E$2:$E$687,A5,'Delivery Data'!$B$2:$B$687,"<="&Brief!$B$28) -> 240532 | E5: =IFERROR(D5/B5,0) -> 0.49833141 | F5: =IFERROR(D5/C5,0) -> 0.99666282 | G5: =IFERROR(D5/$E$2,0) -> 481064 | H5: =MAX(0,B5-G5) -> 1610.772 | I5: =SUMIFS('Delivery Data'!$G$2:$G$687,'Delivery Data'!$E$2:$E$687,A5,'Delivery Data'!$B$2:$B$687,"<="&Brief!$B$28) -> 2241.38 | J5: =IF(B5=0,"Not in plan",IF(F5<$H$2,"Behind",IF(F5>$J$2,"Ahead","On track"))) -> On track
A6: FitView Network | B6: =SUMIF('Media Plan'!$C$2:$C$50,A6,'Media Plan'!$G$2:$G$50) -> 318980.71 | C6: =B6*$E$2 -> 159490.35 | D6: =SUMIFS('Delivery Data'!$F$2:$F$687,'Delivery Data'!$E$2:$E$687,A6,'Delivery Data'!$B$2:$B$687,"<="&Brief!$B$28) -> 156985 | E6: =IFERROR(D6/B6,0) -> 0.49214575 | F6: =IFERROR(D6/C6,0) -> 0.98429151 | G6: =IFERROR(D6/$E$2,0) -> 313970 | H6: =MAX(0,B6-G6) -> 5010.7065 | I6: =SUMIFS('Delivery Data'!$G$2:$G$687,'Delivery Data'!$E$2:$E$687,A6,'Delivery Data'!$B$2:$B$687,"<="&Brief!$B$28) -> 1623.15 | J6: =IF(B6=0,"Not in plan",IF(F6<$H$2,"Behind",IF(F6>$J$2,"Ahead","On track"))) -> On track
A7: AisleCast Media | B7: =SUMIF('Media Plan'!$C$2:$C$50,A7,'Media Plan'!$G$2:$G$50) -> 1789170.8 | C7: =B7*$E$2 -> 894585.39 | D7: =SUMIFS('Delivery Data'!$F$2:$F$687,'Delivery Data'!$E$2:$E$687,A7,'Delivery Data'!$B$2:$B$687,"<="&Brief!$B$28) -> 883345 | E7: =IFERROR(D7/B7,0) -> 0.49371754 | F7: =IFERROR(D7/C7,0) -> 0.98743508 | G7: =IFERROR(D7/$E$2,0) -> 1766690 | H7: =MAX(0,B7-G7) -> 22480.784 | I7: =SUMIFS('Delivery Data'!$G$2:$G$687,'Delivery Data'!$E$2:$E$687,A7,'Delivery Data'!$B$2:$B$687,"<="&Brief!$B$28) -> 11112.43 | J7: =IF(B7=0,"Not in plan",IF(F7<$H$2,"Behind",IF(F7>$J$2,"Ahead","On track"))) -> On track
A8: LobbyLink | B8: =SUMIF('Media Plan'!$C$2:$C$50,A8,'Media Plan'!$G$2:$G$50) -> 0 | C8: =B8*$E$2 -> 0 | D8: =SUMIFS('Delivery Data'!$F$2:$F$687,'Delivery Data'!$E$2:$E$687,A8,'Delivery Data'!$B$2:$B$687,"<="&Brief!$B$28) -> 0 | E8: =IFERROR(D8/B8,0) -> 0 | F8: =IFERROR(D8/C8,0) -> 0 | G8: =IFERROR(D8/$E$2,0) -> 0 | H8: =MAX(0,B8-G8) -> 0 | I8: =SUMIFS('Delivery Data'!$G$2:$G$687,'Delivery Data'!$E$2:$E$687,A8,'Delivery Data'!$B$2:$B$687,"<="&Brief!$B$28) -> 0 | J8: =IF(B8=0,"Not in plan",IF(F8<$H$2,"Behind",IF(F8>$J$2,"Ahead","On track"))) -> Not in plan
A9: PumpPlay TV | B9: =SUMIF('Media Plan'!$C$2:$C$50,A9,'Media Plan'!$G$2:$G$50) -> 2200567.5 | C9: =B9*$E$2 -> 1100283.7 | D9: =SUMIFS('Delivery Data'!$F$2:$F$687,'Delivery Data'!$E$2:$E$687,A9,'Delivery Data'!$B$2:$B$687,"<="&Brief!$B$28) -> 778503 | E9: =IFERROR(D9/B9,0) -> 0.35377375 | F9: =IFERROR(D9/C9,0) -> 0.7075475 | G9: =IFERROR(D9/$E$2,0) -> 1557006 | H9: =MAX(0,B9-G9) -> 643561.46 | I9: =SUMIFS('Delivery Data'!$G$2:$G$687,'Delivery Data'!$E$2:$E$687,A9,'Delivery Data'!$B$2:$B$687,"<="&Brief!$B$28) -> 7182.01 | J9: =IF(B9=0,"Not in plan",IF(F9<$H$2,"Behind",IF(F9>$J$2,"Ahead","On track"))) -> Behind
A10: MallVision | B10: =SUMIF('Media Plan'!$C$2:$C$50,A10,'Media Plan'!$G$2:$G$50) -> 2312946.8 | C10: =B10*$E$2 -> 1156473.4 | D10: =SUMIFS('Delivery Data'!$F$2:$F$687,'Delivery Data'!$E$2:$E$687,A10,'Delivery Data'!$B$2:$B$687,"<="&Brief!$B$28) -> 1196744 | E10: =IFERROR(D10/B10,0) -> 0.51741095 | F10: =IFERROR(D10/C10,0) -> 1.0348219 | G10: =IFERROR(D10/$E$2,0) -> 2393488 | H10: =MAX(0,B10-G10) -> 0 | I10: =SUMIFS('Delivery Data'!$G$2:$G$687,'Delivery Data'!$E$2:$E$687,A10,'Delivery Data'!$B$2:$B$687,"<="&Brief!$B$28) -> 12585.2 | J10: =IF(B10=0,"Not in plan",IF(F10<$H$2,"Behind",IF(F10>$J$2,"Ahead","On track"))) -> On track
A11: TOTAL | B11: =SUM(B5:B10) -> 7104340.5 | C11: =SUM(C5:C10) -> 3552170.3 | D11: =SUM(D5:D10) -> 3256109 | E11: =IFERROR(D11/B11,0) -> 0.45832671 | F11: =IFERROR(D11/C11,0) -> 0.91665342 | G11: =SUM(G5:G10) -> 6512218 | H11: =MAX(0,B11-G11) -> 592122.52 | I11: =SUM(I5:I10) -> 34744.17 | J11: =IF(F11<$H$2,"Behind",IF(F11>$J$2,"Ahead","On track")) -> On track
A13: Metro | B13: Planned Impressions | C13: Expected to Date | D13: Delivered to Date (as-of) | E13: % of Plan Delivered | F13: Pace Index | G13: Projected Final Impressions | H13: Projected Shortfall | I13: Delivered Spend ($) | J13: Status
A14: New York | B14: =SUMIF('Media Plan'!$B$2:$B$50,A14,'Media Plan'!$G$2:$G$50) -> 3058528.3 | C14: =B14*$E$2 -> 1529264.2 | D14: =SUMIFS('Delivery Data'!$F$2:$F$687,'Delivery Data'!$D$2:$D$687,A14,'Delivery Data'!$B$2:$B$687,"<="&Brief!$B$28) -> 1365334 | E14: =IFERROR(D14/B14,0) -> 0.44640227 | F14: =IFERROR(D14/C14,0) -> 0.89280454 | G14: =IFERROR(D14/$E$2,0) -> 2730668 | H14: =MAX(0,B14-G14) -> 327860.35 | I14: =SUMIFS('Delivery Data'!$G$2:$G$687,'Delivery Data'!$D$2:$D$687,A14,'Delivery Data'!$B$2:$B$687,"<="&Brief!$B$28) -> 15278.85 | J14: =IF(B14=0,"Not in plan",IF(F14<$H$2,"Behind",IF(F14>$J$2,"Ahead","On track"))) -> Behind
A15: Los Angeles | B15: =SUMIF('Media Plan'!$B$2:$B$50,A15,'Media Plan'!$G$2:$G$50) -> 2494642.1 | C15: =B15*$E$2 -> 1247321 | D15: =SUMIFS('Delivery Data'!$F$2:$F$687,'Delivery Data'!$D$2:$D$687,A15,'Delivery Data'!$B$2:$B$687,"<="&Brief!$B$28) -> 1125473 | E15: =IFERROR(D15/B15,0) -> 0.45115611 | F15: =IFERROR(D15/C15,0) -> 0.90231222 | G15: =IFERROR(D15/$E$2,0) -> 2250946 | H15: =MAX(0,B15-G15) -> 243696.05 | I15: =SUMIFS('Delivery Data'!$G$2:$G$687,'Delivery Data'!$D$2:$D$687,A15,'Delivery Data'!$B$2:$B$687,"<="&Brief!$B$28) -> 12036.56 | J15: =IF(B15=0,"Not in plan",IF(F15<$H$2,"Behind",IF(F15>$J$2,"Ahead","On track"))) -> On track
A16: Chicago | B16: =SUMIF('Media Plan'!$B$2:$B$50,A16,'Media Plan'!$G$2:$G$50) -> 1551170.1 | C16: =B16*$E$2 -> 775585.06 | D16: =SUMIFS('Delivery Data'!$F$2:$F$687,'Delivery Data'!$D$2:$D$687,A16,'Delivery Data'!$B$2:$B$687,"<="&Brief!$B$28) -> 765302 | E16: =IFERROR(D16/B16,0) -> 0.49337077 | F16: =IFERROR(D16/C16,0) -> 0.98674155 | G16: =IFERROR(D16/$E$2,0) -> 1530604 | H16: =MAX(0,B16-G16) -> 20566.118 | I16: =SUMIFS('Delivery Data'!$G$2:$G$687,'Delivery Data'!$D$2:$D$687,A16,'Delivery Data'!$B$2:$B$687,"<="&Brief!$B$28) -> 7428.76 | J16: =IF(B16=0,"Not in plan",IF(F16<$H$2,"Behind",IF(F16>$J$2,"Ahead","On track"))) -> On track
A17: TOTAL | B17: =SUM(B14:B16) -> 7104340.5 | C17: =SUM(C14:C16) -> 3552170.3 | D17: =SUM(D14:D16) -> 3256109 | E17: =IFERROR(D17/B17,0) -> 0.45832671 | F17: =IFERROR(D17/C17,0) -> 0.91665342 | G17: =SUM(G14:G16) -> 6512218 | H17: =MAX(0,B17-G17) -> 592122.52 | I17: =SUM(I14:I16) -> 34744.17 | J17: =IF(F17<$H$2,"Behind",IF(F17>$J$2,"Ahead","On track")) -> On track
A19: Pace Index = Delivered to Date / Expected to Date. 1.00x = exactly on plan.
A20: Projected Final assumes the current daily rate holds for the rest of the flight.
A21: Change the as-of day on the Brief sheet to re-run pacing at another point in the flight.

Sheet Recap Template
A1: Campaign Recap - Brightside Grocers Spring Produce (DOOH)
A2: Headline numbers fill in automatically. Fill the yellow cells for the client-facing story.
A4: Planned impressions | B4: =Pacing!B11 -> 7104340.5
A5: Delivered impressions (to date) | B5: =Pacing!D11 -> 3256109
A6: % of plan delivered | B6: =Pacing!E11 -> 0.45832671
A7: Overall pace index | B7: =Pacing!F11 -> 0.91665342
A8: Delivered spend ($) | B8: =Pacing!I11 -> 34744.17
A9: Effective CPM ($) | B9: =IFERROR(B8/B5*1000,0) -> 10.670457
A10: Est. target impressions delivered | B10: =B5*'Media Plan'!I51/'Media Plan'!G51 -> 1561267.8
A11: Publishers behind pace | B11: =COUNTIF(Pacing!J5:J10,"Behind") -> 1
A13: Story for the client | B13: Your notes (example row in grey - replace it)
A14: What worked | B14: Grocery-venue screens delivered on plan at the strongest audience index; weekend dayparts carried the reach.
A15: What under-delivered and why | B15: PumpPlay TV ran ~30% behind due to limited weekday inventory; flagged on day 7.
A16: What we changed mid-flight | B16: Shifted unspent PumpPlay budget to MallVision weekend inventory in Los Angeles.
A17: Recommendation for next flight | B17: Raise grocery and mall share; set make-good terms with gas-station publishers up front.
